{
  "sp_d128_L4": {
    "mean_bpb": 2.102407470434716,
    "sem": 0.0021388812858679704,
    "ci_95": [
      2.0984538811458204,
      2.1065129217477137
    ],
    "n_seeds": 7
  },
  "sp_d192_L4": {
    "mean_bpb": 2.024756456252223,
    "sem": 0.006173721219552962,
    "ci_95": [
      2.0133678071076537,
      2.035470065519145
    ],
    "n_seeds": 7
  },
  "sp_d128_L6": {
    "mean_bpb": 2.186876786226787,
    "sem": 0.006065950407189764,
    "ci_95": [
      2.175401584605787,
      2.197597678331601
    ],
    "n_seeds": 7
  },
  "sp_d192_L6": {
    "mean_bpb": 2.0957051119484147,
    "sem": 0.005814918943368431,
    "ci_95": [
      2.086606808170746,
      2.106346631810099
    ],
    "n_seeds": 7
  },
  "sp_d256_L4": {
    "mean_bpb": 1.9673904486794673,
    "sem": 0.005874744958585426,
    "ci_95": [
      1.9574816767001149,
      1.9780778442206544
    ],
    "n_seeds": 7
  },
  "bare_ssm_byte256": {
    "mean_bpb": 2.378904673759009,
    "sem": 0.006338533836324192,
    "ci_95": [
      2.366912851746773,
      2.3892790949123417
    ],
    "n_seeds": 7
  },
  "gpt_matched": {
    "mean_bpb": 1.5923434730188937,
    "sem": 0.0036767849418715853,
    "ci_95": [
      1.5859160818426614,
      1.5987449669639233
    ],
    "n_seeds": 7
  },
  "_decision": {
    "gate1_pass": true,
    "gate2_pass": false,
    "ssm_winner": "sp16384_d256_L4",
    "ssm_gpt_gap": 0.3671255868586165
  }
}