{
  "sp_d256_L4": {
    "mean_bpb": 1.9673904486794673,
    "sem": 0.005874744958585426,
    "ci_95": [
      1.9574816767001149,
      1.9780778442206544
    ],
    "n_seeds": 7
  },
  "sp4096_d256_L4": {
    "mean_bpb": 2.0015984750409808,
    "sem": 0.004185914524517564,
    "ci_95": [
      1.9950144296096683,
      2.009174050935388
    ],
    "n_seeds": 7
  },
  "sp16384_d256_L4": {
    "mean_bpb": 1.9594690598775102,
    "sem": 0.0032322441636867295,
    "ci_95": [
      1.9542124729244388,
      1.965543429011409
    ],
    "n_seeds": 5
  }
}